{
  "cases": {
    "VoltEdge": {
      "title": "VoltEdge Energy Systems \u2014 Solid-State Battery",
      "summary": "Solid-state electrolyte IP with EU manufacturing partners for mobility & grid.",
      "highlights": [
        "Proprietary electrolyte formulation & process",
        "Pilot MOUs with EU OEMs and grid providers",
        "ESG: lifecycle emissions reduction, recyclability options"
      ]
    },
    "Capabilis": {
      "title": "Capabilis \u2014 Capability Licensing Operating System",
      "summary": "Proprietary methodology + training + governance licensed to advisors & hubs.",
      "highlights": [
        "Codified playbooks and certification pathway",
        "Measured outcomes for SMEs (productivity & growth)",
        "Government & innovation\u2011agency relevance"
      ]
    },
    "EuraLab": {
      "title": "EuraLab \u2014 University Tech Translation",
      "summary": "Advanced materials research moving to industrial licensing & partnerships.",
      "highlights": [
        "Contracts, IP filings, and industry collaboration",
        "TRL progression plan and compliance",
        "European research valorisation narrative"
      ]
    }
  }
}